1,Cowboy Bebop,33,TV,"['Action', 'Adventure', 'Comedy', 'Drama', 'Sci-Fi']","Apr 3, 1998 to Apr 24, 1999",Japanese,https://cdn.myanimelist.net/images/anime/4/19644.jpg,"In the year 2071, humanity has colonized several of the planets and moons of the solar system leaving the now uninhabitable surface of planet Earth behind. The Inter Solar System Police attempts to keep peace in the galaxy, aided in part by outlaw bounty hunters, referred to as ""Cowboys."" The ragtag team aboard the spaceship Bebop are two such individuals.  Mellow and carefree Spike Spiegel is balanced by his boisterous, pragmatic partner Jet Black as the pair makes a living chasing bounties and collecting rewards. Thrown off course by the addition of new members that they meet in their travels—Ein, a genetically engineered, highly intelligent Welsh Corgi; femme fatale Faye Valentine, an enigmatic trickster with memory loss; and the strange computer whiz kid Edward Wong—the crew embarks on thrilling adventures that unravel each member's dark and mysterious past little by little.  Well-balanced with high density action and light-hearted comedy, Cowboy Bebop is a space Western classic and an homage to the smooth and improvised music it is named after.  [Written by MAL Rewrite]",null,null
5,Cowboy Bebop: Tengoku no Tobira,169,Movie,"['Action', 'Drama', 'Mystery', 'Sci-Fi']","Sep 1, 2001",Japanese,https://cdn.myanimelist.net/images/anime/1439/93480.jpg,"Another day, another bounty—such is the life of the often unlucky crew of the Bebop. However, this routine is interrupted when Faye, who is chasing a fairly worthless target on Mars, witnesses an oil tanker suddenly explode, causing mass hysteria. As casualties mount due to a strange disease spreading through the smoke from the blast, a whopping three hundred million woolong price is placed on the head of the supposed perpetrator.  With lives at stake and a solution to their money problems in sight, the Bebop crew springs into action. Spike, Jet, Faye, and Edward, followed closely by Ein, split up to pursue different leads across Alba City. Through their individual investigations, they discover a cover-up scheme involving a pharmaceutical company, revealing a plot that reaches much further than the ragtag team of bounty hunters could have realized.  [Written by MAL Rewrite]",null,null
6,Trigun,290,TV,"['Action', 'Adventure', 'Comedy', 'Drama', 'Sci-Fi']","Apr 1, 1998 to Sep 30, 1998",Japanese,https://cdn.myanimelist.net/images/anime/7/20310.jpg,"Vash the Stampede is the man with a $$60,000,000,000 bounty on his head. The reason: he's a merciless villain who lays waste to all those that oppose him and flattens entire cities for fun, garnering him the title ""The Humanoid Typhoon."" He leaves a trail of death and destruction wherever he goes, and anyone can count themselves dead if they so much as make eye contact—or so the rumors say. In actuality, Vash is a huge softie who claims to have never taken a life and avoids violence at all costs.  With his crazy doughnut obsession and buffoonish attitude in tow, Vash traverses the wasteland of the planet Gunsmoke, all the while followed by two insurance agents, Meryl Stryfe and Milly Thompson, who attempt to minimize his impact on the public. But soon, their misadventures evolve into life-or-death situations as a group of legendary assassins are summoned to bring about suffering to the trio. Vash's agonizing past will be unraveled and his morality and principles pushed to the breaking point.  [Written by MAL Rewrite]",null,null
7,Witch Hunter Robin,2612,TV,"['Action', 'Drama', 'Mystery', 'Supernatural']","Jul 2, 2002 to Dec 24, 2002",Japanese,https://cdn.myanimelist.net/images/anime/1796/91065.jpg,"Witches are individuals with special powers like ESP, telekinesis, mind control, etc. Robin, a 15-year-old craft user, arrives from Italy to Japan to work for an organization named STN Japan Division (STN-J) as a replacement for one of STN-J's witch hunters who was recently killed. Unlike other divisions of STN, STN-J tries to capture the witches alive in order to learn why and how they became witches in the first place.  (Source: ANN)",null,null
8,Bouken Ou Beet,3948,TV,"['Adventure', 'Fantasy', 'Supernatural']","Sep 30, 2004 to Sep 29, 2005",Japanese,https://cdn.myanimelist.net/images/anime/7/21569.jpg,"It is the dark century and the people are suffering under the rule of the devil, Vandel, who is able to manipulate monsters. The Vandel Busters are a group of people who hunt these devils, and among them, the Zenon Squad is known to be the strongest busters on the continent. A young boy, Beet, dreams of joining the Zenon Squad. However, one day, as a result of Beet's fault, the Zenon squad was defeated by the devil, Beltose. The five dying busters sacrificed their life power into their five weapons, Saiga. After giving their weapons to Beet, they passed away. Years have passed since then and the young Vandel Buster, Beet, begins his adventure to carry out the Zenon Squad's will to put an end to the dark century.",null,null
15,Eyeshield 21,636,TV,"['Action', 'Comedy', 'Sports']","Apr 6, 2005 to Mar 19, 2008",Japanese,https://cdn.myanimelist.net/images/anime/12/66961.jpg,"Sena is like any other shy kid starting high school; he's just trying to survive. Constantly bullied, he's accustomed to running away.  Surviving high school is about to become a lot more difficult after Hiruma, captain of the school's American football team, witnesses Sena's incredible agility and speed during an escape from some bullies. Hiruma schemes to make Sena the running back of his school team, The Devil Bats, hoping that it will turn around the squad's fortunes from being the laughingstock of Japan's high school leagues, to title contender.  To protect his precious star player from rivaling recruiters, he enlists Sena as ""team secretary,"" giving him a visored helmet and the nickname ""Eyeshield 21"" to hide his identity.  The Devilbats will look to make their way to the Christmas Bowl, an annual tournament attended by the best football teams in Japan, with ""Eyeshield 21"" leading the way. Will they be able to win the Christmas Bowl? Will Sena be able to transform from a timid, undersized freshman to an all-star player? Put on your pads and helmet to find out!",null,null
16,Hachimitsu to Clover,516,TV,"['Comedy', 'Drama', 'Romance', 'Slice of Life']","Apr 15, 2005 to Sep 27, 2005",Japanese,https://cdn.myanimelist.net/images/anime/11/73923.jpg,"Yuuta Takemoto, a sophomore at an arts college, shares a cheap apartment with two seniors—the eccentric Shinobu Morita, who keeps failing to graduate due to his absenteeism, and the sensible Takumi Mayama, who acts as a proper senior to Takemoto, often looking out for him.  Takemoto had not given much thought to his future until one fine spring day, when he meets the endearing Hagumi Hanamoto and falls in love at first sight. Incredibly gifted in the arts, Hagumi enrolls in Takemoto's university and soon befriends the popular pottery student Ayumi Yamada. Ayumi is already well acquainted with the three flatmates and secretly harbors deep feelings for one of them.  Hachimitsu to Clover is a heartwarming tale of youth, love, soul-searching, and self-discovery, intricately woven through the complex relationships between five dear friends.  [Written by MAL Rewrite]",null,null
17,Hungry Heart: Wild Striker,1444,TV,"['Comedy', 'Slice of Life', 'Sports']","Sep 11, 2002 to Sep 10, 2003",Japanese,https://cdn.myanimelist.net/images/anime/12/49655.jpg,"Kyosuke Kano has lived under the shadow of his successful brother Seisuke all his life who is a professional soccer player. Tired of being compared and downgraded at, he abandoned playing soccer until a boy from his new highschool discovered him and asked him to join their team. Kyosuke joins it and befriends two other first year players named Rodrigo and Sakai with the dream of becoming professional soccer players themselves.  (Source: ANN)",null,null
18,Initial D Fourth Stage,382,TV,"['Action', 'Drama', 'Sports']","Apr 17, 2004 to Feb 18, 2006",Japanese,https://cdn.myanimelist.net/images/anime/12/43927.jpg,"Takumi Fujiwara finally joins Ryousuke and Keisuke Takahashi to create ""Project D."" Their goal is twofold: Ryousuke wants to develop his ""High-Speed Street Racing Theory,"" while Keisuke and Takumi aim at improving their driving skills by facing powerful opponents on dangerous roads. The idea of Project D is to challenge street racing teams from other prefectures to improve both their uphill and downhill records. In order to attract the attention of the best racing teams, Ryousuke creates a dedicated website to announce the future battles of Project D and post the team's results.  The fourth season of Initial D details the hardships and successes of the members of Project D as they try to become the best street racing team outside of Gunma Prefecture.  [Written by MAL Rewrite]",null,null
19,Monster,29,TV,"['Drama', 'Horror', 'Mystery', 'Suspense']","Apr 7, 2004 to Sep 28, 2005",Japanese,https://cdn.myanimelist.net/images/anime/10/18793.jpg,"Dr. Kenzou Tenma, an elite neurosurgeon recently engaged to his hospital director's daughter, is well on his way to ascending the hospital hierarchy. That is until one night, a seemingly small event changes Dr. Tenma's life forever. While preparing to perform surgery on someone, he gets a call from the hospital director telling him to switch patients and instead perform life-saving brain surgery on a famous performer. His fellow doctors, fiancée, and the hospital director applaud his accomplishment; but because of the switch, a poor immigrant worker is dead, causing Dr. Tenma to have a crisis of conscience.  So when a similar situation arises, Dr. Tenma stands his ground and chooses to perform surgery on the young boy Johan Liebert instead of the town's mayor. Unfortunately, this choice leads to serious ramifications for Dr. Tenma—losing his social standing being one of them. However, with the mysterious death of the director and two other doctors, Dr. Tenma's position is restored. With no evidence to convict him, he is released and goes on to attain the position of hospital director.   Nine years later when Dr. Tenma saves the life of a criminal, his past comes back to haunt him—once again, he comes face to face with the monster he operated on. He must now embark on a quest of pursuit to make amends for the havoc spread by the one he saved.  [Written by MAL Rewrite]",null,null
20,Naruto,616,TV,"['Action', 'Adventure', 'Comedy']","Oct 3, 2002 to Feb 8, 2007",Japanese,https://cdn.myanimelist.net/images/anime/13/17405.jpg,"Moments prior to Naruto Uzumaki's birth, a huge demon known as the Kyuubi, the Nine-Tailed Fox, attacked Konohagakure, the Hidden Leaf Village, and wreaked havoc. In order to put an end to the Kyuubi's rampage, the leader of the village, the Fourth Hokage, sacrificed his life and sealed the monstrous beast inside the newborn Naruto.  Now, Naruto is a hyperactive and knuckle-headed ninja still living in Konohagakure. Shunned because of the Kyuubi inside him, Naruto struggles to find his place in the village, while his burning desire to become the Hokage of Konohagakure leads him not only to some great new friends, but also some deadly foes.  [Written by MAL Rewrite]",null,null
21,One Piece,70,TV,"['Action', 'Adventure', 'Comedy', 'Drama', 'Fantasy']","Oct 20, 1999 to ?",Japanese,https://cdn.myanimelist.net/images/anime/6/73245.jpg,"Gol D. Roger was known as the ""Pirate King,"" the strongest and most infamous being to have sailed the Grand Line. The capture and execution of Roger by the World Government brought a change throughout the world. His last words before his death revealed the existence of the greatest treasure in the world, One Piece. It was this revelation that brought about the Grand Age of Pirates, men who dreamed of finding One Piece—which promises an unlimited amount of riches and fame—and quite possibly the pinnacle of glory and the title of the Pirate King.  Enter Monkey D. Luffy, a 17-year-old boy who defies your standard definition of a pirate. Rather than the popular persona of a wicked, hardened, toothless pirate ransacking villages for fun, Luffy's reason for being a pirate is one of pure wonder: the thought of an exciting adventure that leads him to intriguing people and ultimately, the promised treasure. Following in the footsteps of his childhood hero, Luffy and his crew travel across the Grand Line, experiencing crazy adventures, unveiling dark mysteries and battling strong enemies, all in order to reach the most coveted of all fortunes—One Piece.  [Written by MAL Rewrite]",null,null
22,Tennis no Ouji-sama,720,TV,"['Action', 'Comedy', 'Sports']","Oct 10, 2001 to Mar 23, 2005",Japanese,https://cdn.myanimelist.net/images/anime/6/21624.jpg,"At the request of his father, tennis prodigy Ryouma Echizen has returned from America and is ready to take the Japanese tennis scene by storm. Aiming to become the best tennis player in the country, he enrolls in Seishun Academy—home to one of the best middle school tennis teams in Japan.   After Ryouma catches the captain's eye, he finds himself playing for a spot on the starting lineup in the intra-school ranking matches despite only being a freshman. Due to his age, the rest of the Seishun Boys' Tennis Team are initially reluctant to accept him, but his skill and determination convinces them to let him in.  Armed with their new ""super rookie,"" Seishun sets out to claim a spot in the National Tournament, hoping to take the coveted title for themselves. In order to do so, the team must qualify by playing through the Tokyo Prefectural and Kanto Regionals. Yet, the road ahead of them is shared by a plethora of strong schools, each playing tennis in unique ways for their own reasons. Ryouma and his teammates must learn to cooperate if they want to become the champions they aspire to be.  [Written by MAL Rewrite]",null,null
23,Ring ni Kakero 1,6750,TV,"['Action', 'Sports']","Oct 6, 2004 to Dec 15, 2004",Japanese,https://cdn.myanimelist.net/images/anime/5/53487.jpg,"In order to fulfill their dead father's wish, the siblings, Takane Kiku and Takane Ryuji aims for the champopn title of the boxing arena. The sister, Kiku, will act as the trainer while her brother, Ryuji, will concentrate on the role of the boxer and learn the Boomerang. His battle with many rivals has led to the growth and maturity of Ryuji. The junior high boxing tournament has began and Ryuji will be fighting with his arch-rival, Kenzaki Jun. The battle begins.  (Source: ANN)",null,null
24,School Rumble,687,TV,"['Comedy', 'Romance']","Oct 5, 2004 to Mar 29, 2005",Japanese,https://cdn.myanimelist.net/images/anime/4/75488.jpg,"Just the words ""I love you,"" and everything changes—such is the nature of the bittersweet trials of high school romance. Tenma Tsukamoto, a second year, is on a quest to confess her feelings to the boy she likes. Kenji Harima, a delinquent with a sizable reputation, is in a similar situation, as he cannot properly convey his feelings to the one he loves. Between school, friends, rivalries, and hobbies, these two will find that high school romance is no walk in the park, especially as misunderstandings further complicate their plight.  School Rumble is a high-octane romantic comedy full of relatable situations, as Tenma and Kenji both try to win the hearts of those they desire.  [Written by MAL Rewrite]",null,null
25,Sunabouzu,1948,TV,"['Action', 'Adventure', 'Comedy', 'Sci-Fi', 'Ecchi']","Oct 6, 2004 to Mar 30, 2005",Japanese,https://cdn.myanimelist.net/images/anime/6/75536.jpg,"The Great Kanto Desert, a sweltering wasteland of nothing but ruins and sand, is all that remains of post-apocalyptic Japan. The once fair population has been left to cling to the inhospitable dunes for survival. At least, that is the case for normal people. For those who have spent a little too long in the Kanto sun, the desert offers a wondrous opportunity to make a name for themselves.  One such person is the masked handyman ""Sunabouzu,"" or Desert Punk, who has forged a legendary reputation for always finishing his jobs, no matter the nature or cost. Cunning and ruthless, he has become a force of crude destruction to the other desert people. However, the ""Vixen of the Desert,"" Junko Asagiri, discovers that Sunabouzu is not without his weaknesses—he is easily swayed by his insatiable lust for large-breasted desert babes.   Following their chaotic adventures through the Kanto Desert, Sunabouzu features a bizarre cast of personalities who entertain themselves with senseless violence and perversion in a world long destroyed by their forefathers. And just like them, they have not learned a damn thing.  [Written by MAL Rewrite]",null,null
26,Texhnolyze,913,TV,"['Action', 'Drama', 'Sci-Fi']","Apr 17, 2003 to Sep 25, 2003",Japanese,https://cdn.myanimelist.net/images/anime/3/18165.jpg,"Texhnolyze takes place in the city of Lux, a man-made underground city that has crumbled after years of neglect and lack of repairs. Citizens of Lux have come to refer to their home as simply ""The City"" and treat it as though it has a mind and will of its own. Three major factions battle to control Lux: Organo, a group of ""professionals"" who collaborate with the criminal underworld that controls Texhnolyze (prosthetics), the Salvation Union, a populist group that seeks to disrupt Organo's business, and Racan, a collection of young individuals with Texhnolyzes that use their abilities for personal gain.  Ichise was once an orphan who has made a place for himself in Lux as a prize fighter. One day, a fight promoter grows angry with him and the altercation that follows results in Ichise losing an arm and a leg. Before death can take him, Ichise is found by the scientist Eriko Kamata, who uses him as a test subject for her newly designed Texhnolyze. With these powerful new limbs at his disposal, Ichise begins to work for Oonishi, the leader of Organo. He soon meets a mysterious young girl, Ran, who has the power to see possible futures. Together, they soon realize that Lux is on the brink of war and collapse, and that they may be the only ones who can save The City.",null,null
27,Trinity Blood,2372,TV,"['Action', 'Supernatural']","Apr 29, 2005 to Oct 28, 2005",Japanese,https://cdn.myanimelist.net/images/anime/10/24649.jpg,"Following Armageddon, an apocalyptic war, mankind faces yet another menace: vampires. The continuous confrontations between the races have split the world into separate factions. The race of vampires, Methuselah, are affiliated with the New Human Empire; whereas the humans, deemed Terrans by the vampires, make up the Vatican Papal State. Furthermore, extremist groups like the Rosenkreuz Order strive to rekindle a war, despite the factions' attempts to avoid direct conflict.  To combat terrorist organizations, the Vatican has implemented the AX unit. Led by Cardinal Caterina Sforza, the AX agents investigate vampire-related disturbances with hopes that the Terrans and the Methuselah will one day achieve peaceful coexistence. Amongst the AX unit is priest Abel Nightroad—a seemingly disoriented but gentle-hearted fellow who is a fierce vampire slayer on the battlefield. Joining the unit as his partner is agent Sister Esther Blanchett, a brave and gentle young nun troubled with a tragic past.   As the two grow closer, they begin to uncover signs of malicious schemes and dark forces working in the shadows. But the path they walk is riddled with misfortune that might just force them to confront the memories that plague their hearts.  [Written by MAL Rewrite]",null,null
28,Yakitate!! Japan,643,TV,"['Comedy', 'Gourmet']","Oct 12, 2004 to Mar 14, 2006",Japanese,https://cdn.myanimelist.net/images/anime/3/76432.jpg,"While countries such as France, England, and Germany all have their own internationally celebrated bread, Japan simply does not have one that can match in reputation.  Thus after discovering the wonders of breadmaking at a young age, Kazuma Azuma embarks on a quest to create Japan's own unique national bread. And being blessed with unusually warm hands that allow dough to ferment faster, Azuma is able to bring his baking innovations to another level.  As he begins working at the prestigious Japanese bakery chain, Pantasia, Azuma encounters other talented bakers and experiences firsthand the competitive world of baking. Along with his newfound friends and rivals, Azuma strives to create new and unparalleled bread that will start a baking revolution.   [Written by MAL Rewrite]",null,null
29,Zipang,1630,TV,"['Action', 'Drama', 'Sci-Fi']","Oct 8, 2004 to Apr 1, 2005",Japanese,https://cdn.myanimelist.net/images/anime/13/75740.jpg,"Mirai, an improved Kongou-class Aegis guided missile destroyer, is one of the newest and most advanced ships in the entire Japanese Self Defense Force (SDF). Her crew, also one of the newest, is lead by Capt. Umezu Saburo and Executive Officer Kadomatsu Yosuke. While running scheduled training exercises one day, Mirai encounters a fierce storm that throws their navigation systems into temporary disarray. After a few minutes of recovery, the crew is shocked to discover that they've been transported back in time to June 4, 1942—The Battle of Midway, during World War II. Letting history take its course for this battle, they manage to avoid the conflict firsthand and make a vow to remain anonymous, changing history as little as possible. However, when the crew comes across the dying Lt. Commander Kusaka Takumi, XO. Kadomatsu's instincts to save lives takes over, changing the course of history more than he could've imagined.  (Source: ANN)",null,null
30,Neon Genesis Evangelion,209,TV,"['Action', 'Avant Garde', 'Drama', 'Sci-Fi']","Oct 4, 1995 to Mar 27, 1996",Japanese,https://cdn.myanimelist.net/images/anime/1314/108941.jpg,"Fifteen years after a cataclysmic event known as the Second Impact, the world faces a new threat: monstrous celestial beings called ""Angels"" invade Tokyo-3 one by one. Mankind is unable to defend themselves against the Angels despite utilizing their most advanced munitions and military tactics. The only hope for human salvation rests in the hands of NERV, a mysterious organization led by the cold Gendou Ikari. NERV operates giant humanoid robots dubbed ""Evangelions"" to combat the Angels with state-of-the-art advanced weaponry and protective barriers known as Absolute Terror Fields.  Years after being abandoned by his father, Shinji Ikari, Gendou's 14-year-old son, returns to Tokyo-3. Shinji undergoes a perpetual internal battle against the deeply buried trauma caused by the loss of his mother and the emotional neglect he suffered at the hands of his father. Terrified to open himself up to another, Shinji's life is forever changed upon meeting 29-year-old Misato Katsuragi, a high-ranking NERV officer who shows him a free-spirited maternal kindness he has never experienced.  A devastating Angel attack forces Shinji into action as Gendou reveals his true motive for inviting his son back to Tokyo-3: Shinji is the only child capable of efficiently piloting Evangelion Unit-01, a new robot that synchronizes with his biometrics. Despite the brutal psychological trauma brought about by piloting an Evangelion, Shinji defends Tokyo-3 against the angelic threat, oblivious to his father's dark machinations.  [Written by MAL Rewrite]",null,null
31,Neon Genesis Evangelion: Death & Rebirth,1800,Movie,"['Drama', 'Sci-Fi']","Mar 15, 1997",Japanese,https://cdn.myanimelist.net/images/anime/13/75963.jpg,"In the year 2015, more than a decade has passed since the catastrophic event known as Second Impact befell mankind. During this time of recovery, a select few learned of beings known as the Angels—colossal malevolent entities with the intention of triggering the Third Impact and wiping out the rest of humanity.  Called into the city of Tokyo-3 by his father Gendou Ikari, teenager Shinji is thrust headlong into humanity's struggle. Separated from Gendou since the death of his mother, Shinji presumes that his father wishes to repair their shattered familial bonds; instead, he discovers that he was brought to pilot a giant machine capable of fighting the Angels, Evangelion Unit-01. Forced to battle against wave after wave of mankind's greatest threat, the young boy finds himself caught in the middle of a plan that could affect the future of humanity forever.  [Written by MAL Rewrite]",null,null
32,Neon Genesis Evangelion: The End of Evangelion,91,Movie,"['Avant Garde', 'Drama', 'Sci-Fi']","Jul 19, 1997",Japanese,https://cdn.myanimelist.net/images/anime/1404/98182.jpg,"Shinji Ikari is left emotionally comatose after the death of a dear friend. With his son mentally unable to pilot the humanoid robot Evangelion Unit-01, Gendou Ikari's NERV races against the shadow organization SEELE to see who can enact their ultimate plan first. SEELE desires to create a godlike being by fusing their own souls into an Evangelion unit, while Gendou wishes to revert all of humanity into one primordial being so that he can be reunited with Yui, his deceased wife.  SEELE unleashes its military forces in a lethal invasion of NERV headquarters. As SEELE's forces cut down NERV's scientists and security personnel, Asuka Langley Souryuu pilots Evangelion Unit-02 in a desperate last stand against SEELE's heaviest weaponry.  The battle rages on, and a depressed Shinji hides deep within NERV's headquarters. With the fate of the world resting in Shinji's hands, Captain Misato Katsuragi hunts for the teenage boy as society crumbles around them.  [Written by MAL Rewrite]",null,null
33,Kenpuu Denki Berserk,105,TV,"['Action', 'Adventure', 'Drama', 'Fantasy', 'Horror', 'Supernatural']","Oct 8, 1997 to Apr 1, 1998",Japanese,https://cdn.myanimelist.net/images/anime/12/18520.jpg,"Born from the corpse of his mother, a young mercenary known only as Guts embraces the battlefield as his only means of survival. Day in and day out, putting his life on the line just to make enough to get by, he moves from one bloodshed to the next.  After a run-in with the Band of the Hawk, a formidable troop of mercenaries, Guts is recruited by their charismatic leader Griffith, nicknamed the ""White Hawk."" As he quickly climbed the ranks in order to become the head of the offensive faction, Guts proves to be a mighty addition to Griffith's force, taking Midland by storm. However, while the band's quest for recognition continues, Guts slowly realizes that the world is not as black-and-white as he once assumed.  Set in the medieval era, Kenpuu Denki Berserk is a dark, gritty tale that follows one man's struggle to find his own path, while supporting another's lust for power, and the unimaginable tragedy that begins to turn the wheels of fate.  [Written by MAL Rewrite]",null,null
43,Koukaku Kidoutai,248,Movie,"['Action', 'Sci-Fi']","Nov 18, 1995",Japanese,https://cdn.myanimelist.net/images/anime/10/82594.jpg,"In the year 2029, Niihama City has become a technologically advanced metropolis. Due to great improvements in cybernetics, its citizens are able to replace their limbs with robotic parts. The world is now more interconnected than ever before, and the city's Public Security Section 9 is responsible for combating corruption, terrorism, and other dangerous threats following this shift toward globalization.  The strong-willed Major Motoko Kusanagi of Section 9 spearheads a case involving a mysterious hacker known only as the ""Puppet Master,"" who leaves a trail of victims stripped of their memories. Like many in this futuristic world, the Puppet Master's body is almost entirely robotic, giving them incredible power.  As Motoko and her subordinates follow the enigmatic criminal's trail, other parties—including Section 6—start to get involved, forcing her to confront the extremely complicated nature of the case. Pondering about various philosophical questions, such as her own life's meaning, Motoko soon realizes that the one who will provide these answers is none other than the Puppet Master themself.  [Written by MAL Rewrite]",null,null
44,Rurouni Kenshin: Meiji Kenkaku Romantan - Tsuioku-hen,41,OVA,"['Action', 'Drama', 'Romance']","Feb 20, 1999 to Sep 22, 1999",Japanese,https://cdn.myanimelist.net/images/anime/1807/102419.jpg,"When mankind's savagery surpasses his fear of death, there is little hope for those who wish to live honest lives. Beneath a full moon, a young boy witnesses the murder of the bandits who had enslaved him, and is then christened with a new name by the man who rescued him. This boy is Shinta, now known as Kenshin Himura, and he is destined to become a swordsman. The softness of his heart does not befit the occupation, but his desire to protect the innocent is absolute.  Rurouni Kenshin: Meiji Kenkaku Romantan - Tsuioku-hen details the origins of the man who would bear the name of Hitokiri Battousai long before he swore his oath not to kill and before he earned his reputation as an assassin. The young man's heart is divided between justice and corruption, while the fate of a nation rests on his actions.  [Written by MAL Rewrite]",null,null
45,Rurouni Kenshin: Meiji Kenkaku Romantan,227,TV,"['Action', 'Adventure', 'Comedy', 'Romance']","Jan 10, 1996 to Sep 8, 1998",Japanese,https://cdn.myanimelist.net/images/anime/13/7548.jpg,"In the final years of the Bakumatsu era lived a legendary assassin known as Hitokiri Battousai. Feared as a merciless killer, he was unmatched throughout the country, but mysteriously disappeared at the peak of the Japanese Revolution. It has been ten peaceful years since then, but the very mention of Battousai still strikes terror into the hearts of war veterans.  Unbeknownst to them, Battousai has abandoned his bloodstained lifestyle in an effort to repent for his sins, now living as Kenshin Himura, a wandering swordsman with a cheerful attitude and a strong will. Vowing never to kill again, Kenshin dedicates himself to protecting the weak. One day, he stumbles across Kaoru Kamiya at her kendo dojo, which is being threatened by an impostor claiming to be Battousai. After receiving help from Kenshin, Kaoru allows him to stay at the dojo, and so the former assassin temporarily ceases his travels.  Rurouni Kenshin: Meiji Kenkaku Romantan tells the story of Kenshin as he strives to save those in need of saving. However, as enemies from both past and present begin to emerge, will the reformed killer be able to uphold his new ideals?  [Written by MAL Rewrite]",null,null
46,Rurouni Kenshin: Meiji Kenkaku Romantan - Ishinshishi e no Chinkonka,1420,Movie,[],"Dec 20, 1997",Japanese,https://cdn.myanimelist.net/images/anime/4/47845.jpg,"The war against the Tokugawa Shogunate ended years ago. But there are some who are not happy with the outcome. Shigure Takimi watched his friends and family get slashed down in the name of freedom and prosperity. Now he and a band of desperate rebels have sworn to settle one final score. Only one man stands in their way: Kenshin Himura. But when Shigure discovers Kenshin's true identity as the Hitokiri Battousai, his fight becomes a personal vendetta.  (Source: ANN)",null,null
47,Akira,354,Movie,"['Action', 'Adventure', 'Horror', 'Sci-Fi', 'Supernatural']","Jul 16, 1988",Japanese,https://cdn.myanimelist.net/images/anime/2/82596.jpg,"Japan, 1988. An explosion caused by a young boy with psychic powers tears through the city of Tokyo and ignites the fuse that leads to World War III. In order to prevent any further destruction, he is captured and taken into custody, never to be heard from again. Now, in the year 2019, a restored version of the city known as Neo-Tokyo—an area rife with gang violence and terrorism against the current government—stands in its place. Here, Shoutarou Kaneda leads ""the Capsules,"" a group of misfits known for riding large, custom motorcycles and being in constant conflict with their rivals ""the Clowns.""  During one of these battles, Shoutarou's best friend Tetsuo Shima is caught up in an accident with an esper who finds himself in the streets of Tokyo after escaping confinement from a government institution. Through this encounter, Tetsuo begins to develop his own mysterious abilities, as the government seeks to quarantine this latest psychic in a desperate attempt to prevent him from unleashing the destructive power that could once again bring the city to its knees.  [Written by MAL Rewrite]",null,null
48,.hack//Sign,3942,TV,"['Adventure', 'Fantasy', 'Mystery', 'Sci-Fi']","Apr 4, 2002 to Sep 26, 2002",Japanese,https://cdn.myanimelist.net/images/anime/1443/94665.jpg,"A young wavemaster, only known by the alias of Tsukasa, wakes up in an MMORPG called The World, with slight amnesia. He does not know what he has previously done before he woke up. In The World, the Crimson Knights suspects him of being a hacker, as he was seen accompanying a tweaked character in the form of a cat. Unable to log out from the game, he wanders around looking for answers, avoiding the knights and other players he meets along the way.  As Tsukasa explores The World, he stumbles upon a magical item that takes the form of a ""guardian,"" which promises him protection from all harm. Subaru, the leader of the Crimson Knights, along with several other players who became acquainted with Tsukasa, set out to investigate why Tsukasa is unable to log out, and attempt to get to the bottom of the problem before it gets out of hand.  [Written by MAL Rewrite]",null,null
49,Aa! Megami-sama!,2397,OVA,"['Comedy', 'Romance', 'Supernatural']","Feb 21, 1993 to May 17, 1994",Japanese,https://cdn.myanimelist.net/images/anime/11/71215.jpg,"When college student Keiichi Morisato dials the wrong number while ordering for some food at his dormitory, he accidentally gets connected to the Goddess Hotline and a beautiful goddess named Belldandy appears out of a mirror in front of him. After getting kicked out of the dorm, Keiichi and Belldandy move to an old shrine and soon afterwards, Belldandy's sisters Urd and Skuld move in.",null,null
50,Aa! Megami-sama! (TV),2217,TV,"['Comedy', 'Romance', 'Supernatural']","Jan 7, 2005 to Jul 8, 2005",Japanese,https://cdn.myanimelist.net/images/anime/1976/99376.jpg,"In a world where humans can have their wish granted via the Goddess Help Hotline, a human, Keiichi Morisato, summons the Goddess Belldandy by accident and jokes that she should stay with him forever. Unfortunately for him, his ""wish"" is granted.  Suddenly, Keiichi is now living with this gorgeous woman all alone, causing him to be kicked out of the all-male dormitory he was staying in. But soon, after they find lodging in a Buddhist temple, Keiichi and Belldandy's relationship begins to blossom. Although they are both awkward and rather uncomfortable with one another at first, what awaits these two strangers could turn out to be an unexpected romance.  [Written by MAL Rewrite]",null,null
51,Tenshi Kinryouku,7176,OVA,"['Action', 'Drama', 'Romance', 'Supernatural']","May 25, 2000 to Aug 25, 2000",Japanese,https://cdn.myanimelist.net/images/anime/11/45208.jpg,"Setsuna Mudo is a 16-year-old high school student just trying to get by without running afoul of his bullying seniors. It doesn't help that he's in love with his younger sister, Sara, who only sees him once a month. But there's more to his life than just keeping his head down.  Setsuna is ambushed by mysterious beings, angels, and demons, all professing to know his true destiny. The angels say he is the reincarnation of their leader Alexiel, while the demons claim he led them to war against God himself.  As Setsuna struggles with his identity in such strange times, the eternal conflict between Heaven and Hell threatens to reignite. Will he be prepared when it does?",null,null
52,Kidou Tenshi Angelic Layer,2635,TV,"['Comedy', 'Drama', 'Sci-Fi', 'Sports']","Apr 1, 2001 to Sep 23, 2001",Japanese,https://cdn.myanimelist.net/images/anime/1192/113699.jpg,"12-year-old Misaki Suzuhara has just gotten involved in Angelic Layer, a battling game using electronic dolls called angels. Even as a newbie, Misaki shows advanced skills as she meets new friends and enters Angelic Layer tournaments to fight the greatest Angelic Layer champions of the nation.",null,null
53,Ai Yori Aoshi,3273,TV,"['Comedy', 'Drama', 'Romance', 'Slice of Life']","Apr 11, 2002 to Sep 26, 2002",Japanese,https://cdn.myanimelist.net/images/anime/7/10172.jpg,"Kaoru Hanabishi, a college student who lives alone, met a beautiful but bewildered girl dressed in a kimono at a train station. He volunteered to guide her way to the address she was looking for, which happened to be in his neighborhood, but turned out to be an empty lot. Not knowing what to do next, Kaoru invited the devastated girl to his apartment and asked for any additional clues to her destination. She supplied him with a photo of two children whom Kauru immediately identified as himself and Aoi Sakuraba, his childhood friend. It turned out that the girl in front of him is Aoi Sakuraba herself, his betrothed fiancee who came all the way to Tokyo to marry him. Her revelation was not only surprising but also reminded the deepest part of Kaoru's memory for why he left the Hanabishi family in the first place.",null,null
54,Appleseed (Movie),3438,Movie,"['Action', 'Drama', 'Sci-Fi']","Apr 17, 2004",Japanese,https://cdn.myanimelist.net/images/anime/9/57231.jpg,"Growing out of the chaos of a global war, the city of Utopia is populated by humans and bioroids (artificial humans). On the surface, everything is harmonious, but tensions lurk. Into this seemingly perfect society comes a survivor of the wars, Deunan Knute, who carries a legacy that will turn out to be of critical importance to the future of humanity.   (Source: ANN)",null,null
55,Arc the Lad,6061,TV,"['Action', 'Adventure', 'Fantasy', 'Horror', 'Sci-Fi']","Apr 5, 1999 to Sep 11, 1999",Japanese,https://cdn.myanimelist.net/images/anime/3/49041.jpg,"The story follows Elk, a bounty hunter in some strange futuristic world. On this world archaic but advanced technology exists side by side with primitive attitudes, beasts and magic. In other words it's got a bit of everything. It also has an evil conspiracy who are able to produce powerful monsters called chimera, who can also appear as human. Naturally it is not long before Elk has rescued a young female beast-master and gained himself some serious enemies.   (Source: ANN)",null,null
56,Avenger,9113,TV,"['Adventure', 'Fantasy', 'Sci-Fi']","Oct 2, 2003 to Dec 25, 2003",Japanese,https://cdn.myanimelist.net/images/anime/13/19921.jpg,"Mars has been colonized and is a world where children have been replaced by robot servants known as ""dolls."" Layla is a skilled fighter with a tragic past who travels about the world. Her companions are Nei, a strange and unique doll with some unknown ties to Layla, and Speedy, who is a doll breeder. The founders of Mars see the trio as a threat to their world, and each time they attack Layla and Nei a bit more of their mysterious past and future is revealed.",null,null
57,Beck,230,TV,"['Comedy', 'Drama', 'Slice of Life']","Oct 7, 2004 to Mar 31, 2005",Japanese,https://cdn.myanimelist.net/images/anime/11/11636.jpg,"Fourteen-year-old Yukio ""Koyuki"" Tanaka is a dispirited young boy with no goals in life. However, this all changes when Koyuki saves a strange-looking dog named Beck from being harassed by a group of local kids. The dog's owner, 16-year-old Ryuusuke ""Ray"" Minami, is an emerging guitarist and the former member of a popular rock band.   After Koyuki meets Ray again in a diner, the older boy leads him to his former band's meeting place and dazzles Koyuki with his amazing guitar skills. Slowly becoming interested in the glamour of western rock culture, Koyuki decides to start playing the guitar while helping Ray achieve his dream of leading the ultimate rock band. Together with Ray's younger sister Maho and a few other members, the two boys launch their career into the world of rock by forming a band called BECK. Beck follows the group's struggles and successes as they spread their fame across Japan.  [Written by MAL Rewrite]",null,null
58,Blue Gender,3623,TV,"['Adventure', 'Drama', 'Horror', 'Romance', 'Sci-Fi']","Oct 8, 1999 to Mar 31, 2000",Japanese,https://cdn.myanimelist.net/images/anime/1/2023.jpg,"Blue Gender takes place in the not too distant future in a world where things have gone terribly wrong for humanity. Humans have been replaced at the top of the food chain by the Blue, a race of bug-like aliens that have colonized Earth and pushed humans aside. A space station, Second Earth, has been constructed as a safe haven for humans, with the hope of one day reclaiming the Earth once more.  Yuji Kaido was cryogenically frozen, having been suffering from a disease known as B-Cells. Once awakened, he joins a team of soldiers that have come to Earth to extract him. Unfortunately, nothing goes according to plan as they make their way back to Second Earth.  Yuji will have to deal with the horrors of fighting a bloody war as he and the fighters from Second Earth look to survive. Will they be able to win back Earth without losing their humanity?",null,null
59,Chobits,1916,TV,"['Comedy', 'Drama', 'Romance', 'Sci-Fi', 'Ecchi']","Apr 3, 2002 to Sep 25, 2002",Japanese,https://cdn.myanimelist.net/images/anime/4/24648.jpg,"When computers start to look like humans, can love remain the same?  Hideki Motosuwa is a young country boy who is studying hard to get into college. Coming from a poor background, he can barely afford the expenses, let alone the newest fad: Persocoms, personal computers that look exactly like human beings. One evening while walking home, he finds an abandoned Persocom. After taking her home and managing to activate her, she seems to be defective, as she can only say one word, ""Chii,"" which eventually becomes her name. Unlike other Persocoms, however, Chii cannot download information onto her hard drive, so Hideki decides to teach her about the world the old-fashioned way, while studying for his college entrance exams at the same time.  Along with his friends, Hideki tries to unravel the mystery of Chii, who may be a ""Chobit,"" an urban legend about special units that have real human emotions and thoughts, and love toward their owner. But can romance flourish between a Persocom and a human?   [Written by MAL Rewrite]",null,null
60,Chrno Crusade,1208,TV,"['Action', 'Romance', 'Supernatural']","Nov 25, 2003 to Jun 10, 2004",Japanese,https://cdn.myanimelist.net/images/anime/13/14141.jpg,"The 1920s was a decade of great change and upheaval, with monstrous demons appearing across America. To combat this menace, the holy organization known as the Order of Magdalene was established. The organization's New York branch is home to the young and reckless Sister Rosette Christopher, as well as her partner Chrno. Tasked with the extermination of demonic threats, the renowned team is excellent at their job, despite causing extensive collateral damage on their missions.  However, both Rosette and Chrno are driven by their dark pasts. Through exterminating demons, Rosette hopes to find her lost brother Joshua who was taken by the sinner and demon, Aion, with whom Chrno also shares a bloody history. The two of them must fight off the increasingly dangerous demonic menace and discover its source, while continuing to search for the truth behind Joshua's disappearance.  [Written by MAL Rewrite]",null,null
61,D.N.Angel,2975,TV,"['Action', 'Comedy', 'Fantasy', 'Romance']","Apr 3, 2003 to Sep 25, 2003",Japanese,https://cdn.myanimelist.net/images/anime/1126/98904.jpg,"Daisuke Niwa is a clumsy, block-headed, and wimpy middle school student who has few redeeming qualities. On his 14th birthday, he finally decides to confess his love to his longtime crush Risa Harada, but is rejected.   In an unexpected turn of events, however, Daisuke finds himself transforming into Dark Mousy, the infamous phantom thief, whenever his mind is set on Risa. Though Daisuke is unaware of this strange heritage, his mother is certainly not: since before the boy was born, his mother had been planning for him to steal valuable works of art and let the name of the elusive art thief be known.  With doubt and confusion constantly clouding his mind, Daisuke finds himself struggling in his relationships with classmates and family. And it is not long before Daisuke realizes that he is not the only one with a fated family legacy—his greatest adversary could be the one classmate he is most unwilling to fight.   [Written by MAL Rewrite]",null,null
62,D.C.: Da Capo,4922,TV,"['Drama', 'Romance']","Jul 5, 2003 to Dec 27, 2003",Japanese,https://cdn.myanimelist.net/images/anime/4/73936.jpg,"Hatsunejima abounds in mysteries—one of which is the town's unwithering cherry trees that are said to grant the most genuine wishes. There are also rumors of people possessing supernatural powers, like Junichi Asakura, who can see other people's dreams and create sweets out of nothing. Alongside his sister Nemu, he enjoys living in peace with his friends at Kazami Academy but chooses to shroud his identity in secrecy.  His tranquil school life comes to a halt when he finds out that his childhood friend Sakura Yoshino has returned from America after six years. She is there for one purpose: to fulfill the promises she made long ago with Junichi. Little does anyone know, however, that Sakura's appearance is bound to change everyone's lives—for better or worse.  [Written by MAL Rewrite]",null,null
63,DearS,5645,TV,"['Comedy', 'Romance', 'Sci-Fi', 'Ecchi']","Jul 11, 2004 to Sep 26, 2004",Japanese,https://cdn.myanimelist.net/images/anime/1207/98872.jpg,"One year ago, a UFO containing 150 aliens crash-landed off the shores of Kasai. Because no one could fix their ship, the Japanese Government decided to bestow upon them the designation ""DearS"" and make them into Japanese citizens, teaching them the language, customs, and culture of Japan. However, in order for them to become more familiar with human society, a home-stay program has been enacted to allow them to mingle with other humans.  One misty morning, a truck carrying a capsule that housed one of these aliens ends up dropping it into the riverbank, releasing her from her confinement. She is eventually found by a high school student named Takeya Ikuhara, who saves her from being hit by a truck and takes pity on her, despite being extremely distrustful of their race and wanting nothing to do with them. Upon being named Ren, she imprints upon him as her ""Master"" and serves as his personal ""Slave,"" leaving him with a ""DearS"" who wants to remain with him no matter what and bringing his ordinary, alien-free days to an end.",null,null
64,Rozen Maiden,1890,TV,"['Action', 'Comedy', 'Drama']","Oct 8, 2004 to Dec 24, 2004",Japanese,https://cdn.myanimelist.net/images/anime/1424/108431.jpg,"Traumatized by school, Jun Sakurada spends his days at home as a shut-in, purchasing things online, only to send them back before the free trial period ends. So when a note appears on his desk, asking whether or not he would wind something, he assumes it was something he ordered and carelessly circles ""yes,"" changing his life forever.  A box arrives with a wind up doll inside, but this is no ordinary toy: after Jun winds her up, she begins walking and talking as if a normal person. With a haughty attitude, she introduces herself as Shinku, the fifth doll in the Rozen Maiden collection, a group of special dolls made by the legendary dollmaker Rozen. These sisters must battle each other in a competition called the Alice Game with the help of a human to ensure victory. The winner becomes Alice, a real girl who is worthy of meeting their creator.  As more sentient dolls end up taking residence in Jun's house, and a foe from Shinku's past makes her appearance, Jun's life becomes far more complicated than he ever thought possible.  [Written by MAL Rewrite]",null,null
65,Rozen Maiden: Träumend,1242,TV,"['Action', 'Comedy', 'Drama']","Oct 21, 2005 to Jan 27, 2006",Japanese,https://cdn.myanimelist.net/images/anime/4/10242.jpg,"As the story of Rozen Maiden closes, a new chapter begins in Rozen Maiden: Träumend. Shinku and the other sentient dolls of the Rozen Maiden collection are living life as usual at Jun Sakurada's house. Having settled into his role as Shinku's partner in the deadly Alice Game, Jun overcomes his former fears and prepares to return to school. And although Shinku and the other dolls idly pass the days by in the comfort of Jun's home, dark times lie ahead as a new foe presents herself: Barasuishou, the seventh Rozen Maiden.  But Barasuishou is a mystery even to her sisters, none of whom have ever laid eyes on her until now. Shinku considers this a sign that the Alice Game is coming to an end, meaning the dolls will soon be forced to fight one another. Haunted by the upcoming battle and nightmares concerning another doll, Shinku begins distancing herself from the others. If she wishes to claim victory, it will come at a high cost—the lives of her sisters.  [Written by MAL Rewrite]",null,null
66,Azumanga Daioh,587,TV,"['Comedy', 'Slice of Life']","Apr 9, 2002 to Oct 1, 2002",Japanese,https://cdn.myanimelist.net/images/anime/1/66.jpg,"Chiyo Mihama begins her high school career as one of the strangest students in her freshman class—a tiny, 10-year-old academic prodigy with a fondness for plush dolls and homemade cooking. But her homeroom teacher, Yukari Tanizaki, is the kind of person who would hijack a student's bike to avoid being late, so ""strange"" is a relative word.  There certainly isn't a shortage of peculiar girls in Yukari-sensei's homeroom class. Accompanying Chiyo are students like Tomo Takino, an energetic tomboy with more enthusiasm than brains; Koyomi Mizuhara, Tomo's best friend whose temper has a fuse shorter than Chiyo; and Sakaki, a tall, athletic beauty whose intimidating looks hide a gentle personality and a painful obsession with cats. In addition, transfer student Ayumu Kasuga, a girl with her head stuck in the clouds, fits right in with the rest of the girls—and she has a few interesting theories about Chiyo's pigtails!  Together, this lovable group of girls experience the ups and downs of school life, their many adventures filled with constant laughter, surreal absurdity, and occasionally even touching commentary on the bittersweet, temporal nature of high school.  [Written by MAL Rewrite]",null,null
67,Basilisk: Kouga Ninpou Chou,1433,TV,"['Action', 'Adventure', 'Fantasy', 'Romance', 'Supernatural']","Apr 13, 2005 to Sep 21, 2005",Japanese,https://cdn.myanimelist.net/images/anime/11/6793.jpg,"For centuries, the Iga and Kouga ninja clans have engaged in a bitter war. But when a ceasefire is ordered by the powerful warlord Ieyasu Tokugawa, the two clans are forced to put down their arms.  Years later, Gennosuke Kouga, heir of the Kouga clan, and Oboro Iga, heir of the Iga clan, have fallen in love. Through marriage, both heirs aim to bring peace to the clans. But their hopes are dashed when flames of rivalry between their clans are reignited, and they are dragged into another war.  Ieyasu's two grandsons have both claimed to be the next heir to the shogunate. To resolve this dispute, both the Kouga and Iga are ordered to send their 10 best warriors to fight in a bloody battle royale, with each clan representing one of the potential shogunate heirs. Two scrolls with the names of the fighters are given and are to be marked in blood upon the given fighter's death. The prize for winning is the favor of the Tokugawa shogunate for a thousand years. Torn between their love for each other and duty to their clans, Gennosuke and Oboro must ultimately decide the fate of their clans.  [Written by MAL Rewrite]",null,null
68,Black Cat (TV),2159,TV,"['Adventure', 'Comedy', 'Sci-Fi']","Oct 7, 2005 to Mar 31, 2006",Japanese,https://cdn.myanimelist.net/images/anime/1485/110010.jpg,"Completing every job with ruthless accuracy, Train Heartnet is an infamous assassin with no regard for human life. Donning the moniker ""Black Cat"" in the underground world, the elite killer works for the powerful secret organization known only as Chronos.  One gloomy night, the blasé gunman stumbles upon Saya Minatsuki, an enigmatic bounty hunter, and soon develops an odd friendship with her. Influenced by Saya's positive outlook on life, Train begins to rethink his life. Deciding to abandon his role as the Black Cat, he instead opts to head down a virtuous path as an honest bounty hunter. However, Chronos—and particularly Creed Diskenth, Train's possessive underling—is not impressed with Train's sudden change of heart and vows to resort to extreme measures in order to bring back the emissary of bad luck.  This assassin turned ""stray cat"" can only wander so far before the deafening sound of gunfire rings out.  [Written by MAL Rewrite]",null,null
69,Cluster Edge,6991,TV,"['Action', 'Fantasy', 'Sci-Fi']","Oct 5, 2005 to Mar 29, 2006",Japanese,https://cdn.myanimelist.net/images/anime/1980/103243.jpg,"Cluster Edge Academy isn't just any school; it's THE school, where the offspring of the elite come together to prepare for their roles running a world where artificial soldiers and religious sects are major factors in the battle for total control. Which may be part of why new transfer student Agate Fluorite doesn't quite seem to fit in. It's not just that Agate's enthusiastic attitude stands out among the somber, brooding balance of the student body. There's something about him that demands notice, even from jaded honors students like Beryl Jasper, and from the moment of arrival he's been at the center of a series of mysteries that not even Agate understands. Because Agate's not just another student, he's part of a something so momentous, and dangerous, that the world that built Cluster Edge may not survive its passing.   (Source: Sentai Filmworks)",null,null
71,Full Metal Panic!,1226,TV,"['Action', 'Comedy', 'Sci-Fi']","Jan 8, 2002 to Jun 18, 2002",Japanese,https://cdn.myanimelist.net/images/anime/2/75259.jpg,"Equipped with cutting-edge weaponry and specialized troops, a private military organization named Mithril strives to extinguish the world's terrorism and all threats to peace on earth. The organization is powered by the ""Whispered,"" individuals who possess intuitive knowledge and the remarkable ability to create powerful devices and machinery.  Seventeen-year-old Sousuke Sagara, a sergeant working for Mithril, has been assigned to protect Kaname Chidori, a Whispered candidate. He is ordered to join her high school class and be as close to her as possible to prevent her from falling into enemy hands—that is, if he can safely blend in with their fellow classmates without revealing his true identity.  Sousuke, who was raised on a battlefield and has very little knowledge of an average high school student's lifestyle, must adapt to a normal school life to safeguard Kaname. However, enemy forces have already begun making their move, and Sousuke is about to find out that the adversary coming for the Whispered girl may be a lot more familiar than he expects.  [Written by MAL Rewrite]",null,null
72,Full Metal Panic? Fumoffu,488,TV,"['Action', 'Comedy']","Aug 26, 2003 to Nov 18, 2003",Japanese,https://cdn.myanimelist.net/images/anime/4/75260.jpg,"Sergeant Sousuke Sagara returns to Jindai High School to protect the precious war asset, Kaname Chidori, from any threat. However, his lack of social skills and real-life experience result in comical yet dangerous situations, endangering the peaceful school life Kaname longs for. As Sousuke continues to bring a wide range of weapons to school as a means to solve threats—real or fake—Kaname struggles to fulfill her duty as the student council vice president all while keeping him in check.   To ensure a successful mission, Sousuke is occasionally forced to use the costume of a famous amusement park mascot called Bonta-kun. With his technical expertise, he eventually transforms the exuberant uniform into a cutting-edge exoskeleton that has only one dysfunction: the voice translator can only produce the sound ""mofu.""   Full Metal Panic? Fumoffu depicts the adventures of Kaname and Sousuke as they try to live their normal school lives despite the chaos they inadvertently cause.   [Written by MAL Rewrite]",null,null
73,Full Metal Panic! The Second Raid,629,TV,[],"Jul 14, 2005 to Oct 20, 2005",Japanese,https://cdn.myanimelist.net/images/anime/11/75261.jpg,"After overcoming various tumultuous events, mercenary sergeant Sousuke Sagara of Mithril and ""Whispered"" school girl Kaname Chidori return to their normal high school lives. Sousuke continues his efforts to assimilate with the civilian population and manage his mission at the same time, while Kaname attempts to support his endeavors (even though his antics often drive her up a wall).   However, as their lives calm, new problems begin to appear. The appearance of an independent terrorist organization  known as Amalgam and internal conflicts within Mithril threaten to wreak unity into a series of failures and betrayals. And new, powerful Arm Slave models only worsen the situation when the world's peace is at stake.   As Kaname and Sousuke face their own inner battles amidst life-threatening fights, will they be able to make the right choices and change their future?  [Written by MAL Rewrite]",null,null
74,Gakuen Alice,1212,TV,[],"Oct 30, 2004 to May 14, 2005",Japanese,https://cdn.myanimelist.net/images/anime/4/18118.jpg,"Mikan Sakura is a normal 10-year-old girl. Optimistic, energetic, and overall a very sweet child, Mikan is the complete opposite of the aloof, intelligent, and somewhat cold-hearted, Hotaru Imai. Despite their glaring differences, the two girls have been best friends for a very long time. So when Hotaru suddenly transfers to Alice Academy, a prestigious school in the city, her best friend is devastated—especially when she hears of the horrible rumors regarding the academy's harsh treatment of students. Beset with worry, Mikan runs away to see her best friend!  Upon her arrival, Mikan learns of ""Alices,"" individuals gifted with various supernatural abilities, and that the school is an institution built by the government to train and protect them. Discovering that she has her own unique powers, Mikan enrolls in the academy, and, after a lot of trouble, finally reunites with Hotaru.  Gakuen Alice is a heartwarming comedy that follows Mikan and her friends' adventures in the academy, as well as their attempt to uncover the mysteries surrounding the problematic, fire-wielding student Natsume Hyuuga.  [Written by MAL Rewrite]",null,null
75,Soukyuu no Fafner: Dead Aggressor,2496,TV,"['Action', 'Drama', 'Sci-Fi']","Jul 5, 2004 to Dec 27, 2004",Japanese,https://cdn.myanimelist.net/images/anime/3/50365.jpg,"Tatsumiyajima is the central island in the middle of a small cluster of islands, in a sleepy backwater of the Japanese isles. Not much happens there, and the island's young people go to school knowing that their lives are likely to remain peaceful and undisturbed. Or so they have been taught... but the truth is different. The fate of mankind is on the line, and Tatsumiyajima is the last line of defense against a hostile and incomprehensible enemy. At the center of it all, fighting for Humanity's continued existence, is the giant robot Fafner, the dragon that guards this final treasure of mankind.  (Source: ANN)",null,null
76,Mahou Shoujo Lyrical Nanoha,1910,TV,"['Action', 'Comedy', 'Drama']","Oct 3, 2004 to Dec 26, 2004",Japanese,https://cdn.myanimelist.net/images/anime/7/6770.jpg,"Nanoha Takamachi, an ordinary third-grader who enjoys spending time with her family and friends, rescues an injured ferret that she had dreamed about the night before. The next day, the ferret cries out to her telepathically, asking Nanoha to save him. The ferret reveals himself to be Yuuno Scrya, a mage from another world who is trying to collect the dangerous 21 Jewel Seeds that he accidentally scattered across the world. He enlists Nanoha's help, gifting her the magical wand Raising Heart, and teaches her how to become a powerful mage.  Days later, after reclaiming a few of the Jewel Seeds, another mage appears: Fate Testarossa. Stronger than Nanoha, Fate refuses to divulge her reasons in trying to collect the Jewel Seeds. Nanoha senses a melancholy in her eyes, but Fate refuses to communicate. Directed by Akiyuki Shinbo, Mahou Shoujo Lyrical Nanoha is a story about the clash of emotions when goals collide.  [Written by MAL Rewrite]",null,null
77,Mahou Shoujo Lyrical Nanoha A's,586,TV,"['Action', 'Comedy', 'Drama']","Oct 2, 2005 to Dec 25, 2005",Japanese,https://cdn.myanimelist.net/images/anime/4/6767.jpg,"After solving the incident of the scattered Jewel Seeds, Nanoha Takamachi happily returns to her everyday life, though now with added magic practice in the morning. Exchanging video messages with Fate Testarossa and the crew of the Arthra, Nanoha eagerly awaits the chance to speak with them in person again. But while studying in her room one day, Raising Heart suddenly calls out to Nanoha and warns her of an incoming attack!  The attacker is a young girl named Vita, who calls herself a Belka Knight. She proves her strength by using an intelligent device with a mysterious cartridge system to quickly overwhelm Nanoha. Luckily, the Space-Time Administration Bureau is able to step in before she is completely crushed. Vita and her fellow knights Shamal, Signum, and Zafila are on a mission to steal magical power from mages in order to complete the Book of Darkness, one of the Lost Logia. For what sinister purpose are the knights after this Book of Darkness?  [Written by MAL Rewrite]",null,null
79,Shuffle!,3517,TV,"['Comedy', 'Drama', 'Fantasy', 'Romance', 'Ecchi']","Jul 8, 2005 to Jan 6, 2006",Japanese,https://cdn.myanimelist.net/images/anime/10/19622.jpg,"In present times, Gods and Demons coexist together with Humans after the door between each of these worlds had opened. Tsuchimi Rin is a normal young high school student attending Verbena Academy, spending his days living peacefully with his childhood friend Kaede. Unexpectedly, one day the King of Gods, the King of Demons and their families move into be Rin's next door neighbors. Apparently the daughter of the Gods, Sia, and the daughter of the demons, Nerine, are both deeply in love with Rin after having met him in the past. Along with his playful friendship with upperclassmen Asa and his encounter with the silent but cute Primula, Rin has much on his hands dealing with the affections of each of these girls. Based on the eroge by Navel.",null,null
80,Mobile Suit Gundam,916,TV,[],"Apr 7, 1979 to Jan 26, 1980",Japanese,https://cdn.myanimelist.net/images/anime/5/88524.jpg,"It is year 0079 of the Universal Century. Mankind has moved to space, living in colony clusters known as ""Sides."" One of these Sides declares itself the ""Principality of Zeon"" and declares war on the Earth Federation, the governmental body currently ruling Earth. Using powerful humanoid robots known as ""mobile suits,"" Zeon quickly gains the upper hand.  Nine months into the conflict, the Earth Federation has developed its own powerful mobile suit called the Gundam. When Zeon launches an attack on the colony holding the Gundam, a 15-year-old civilian named Amuro Ray suddenly finds himself thrown into a conflict that will take him all across Earth and space, pitting him against the enemy's ace pilot, Char Aznable.  [Written by MAL Rewrite]",null,null
81,Mobile Suit Gundam: The 08th MS Team,523,OVA,"['Adventure', 'Drama', 'Romance', 'Sci-Fi']","Jan 25, 1996 to Jul 25, 1999",Japanese,https://cdn.myanimelist.net/images/anime/9/75618.jpg,"In year 0079 of the Universal Century, the Earth Federation initiates Operation Odessa—a full-scale assault to retake a major Ukrainian city from the Principality of Zeon. It is a success, and the remaining Zeon forces scatter across the globe. The Earth Federation gains the upper hand in the One Year War and deploys its ground troops around the planet to hunt down the stragglers.  As part of the deployments, Ensign Shiro Amada is transferred to Southeast Asia to take command of the 08th MS Team—a special squadron of RX-79[G] Gundam Ground Type pilots. In their first guerilla operation, Shiro's team is tasked with distracting the Zeon forces while Federation ground troops locate a mysterious new Zeon weapon. Everything goes according to plan until Shiro runs into Aina Sahalin, an ace Zeon pilot he met in an earlier battle, during a skirmish. Their reunion weakens his resolve to continue fighting, and now the young commander Shiro must prove his loyalty to the Federation—or be branded a traitor.  [Written by MAL Rewrite]",null,null
82,Mobile Suit Gundam 0080: War in the Pocket,645,OVA,"['Drama', 'Sci-Fi']","Mar 25, 1989 to Aug 25, 1989",Japanese,https://cdn.myanimelist.net/images/anime/1/82.jpg,"Alfred Izuruha is a 10-year-old who lives in the neutral colony cluster of Side 6 and, like most boys his age, is obsessed with the war between the Earth Federation and the Principality of Zeon. Unbeknownst to him, Al's next-door neighbor, Christina, is the test pilot of a prototype Gundam being developed in secret by the Earth Federation in the colony. A Zeon Special Forces team is assembled and tasked with infiltrating the colony in order to either steal or destroy it.  When a skirmish breaks out between the Federation and infiltrating Zeon forces, the fascinated Alfred stumbles upon a Zaku mobile suit that has been shot down, piloted by Zeon rookie Bernard ""Bernie"" Wiseman. After this encounter, the two start a mutual friendship, so Alfred can learn more about the war that interests him so much, and Bernie can acquire inside information about the colony to aid his team's mission.  [Written by MAL Rewrite]",null,null
83,Mobile Suit Gundam: The 08th MS Team - Miller's Report,4691,Movie,"['Drama', 'Romance', 'Sci-Fi']","Aug 1, 1998",Japanese,https://cdn.myanimelist.net/images/anime/1132/100198.jpg,"Shortly after being rescued off the Himalayas, Federation Ensign Shiro Amada is accused of espionage due to his encounter with Zeon's top-secret mobile armor. Intelligence officer Alice Miller is assigned to investigate on Shiro's whereabouts during his disappearance. Her documented findings will determine whether or not Shiro is a traitor, and what his fate will be as commander of the 08th MS Team.  (Source: ANN)",null,null
84,Mobile Suit Gundam 0083: Stardust Memory,2481,OVA,"['Adventure', 'Drama', 'Romance', 'Sci-Fi']","May 23, 1991 to Sep 24, 1992",Japanese,https://cdn.myanimelist.net/images/anime/13/26654.jpg,"It is the year 0083 of the Universal Century. The rebellious Principality of Zeon has been defeated in the One Year War by the Earth Federation. However, a faction of Zeon remnants led by Aguille Delaz fled from the final battle, hiding themselves away. After three long years, they attempt to rise up once more, sending Delaz's ace pilot, Anavel Gato, to infiltrate a Federation research base to steal one of two secretly developed prototype Gundams along with its deadly nuclear warhead.  Threatened by the rogue Gundam suit and seeking to retain peace, the Earth Federation mobilizes the newly developed Albion carrier to recover the stolen unit. Manned by the remaining test pilots, with rookie pilot Kou Uraki piloting the remaining prototype Gundam, the Albion and her crew are determined to stop Gato, retake the stolen Gundam, and prevent the Zeon remnants from starting another war.  [Written by MAL Rewrite]",null,null
85,Mobile Suit Zeta Gundam,694,TV,"['Drama', 'Romance', 'Sci-Fi']","Mar 2, 1985 to Feb 22, 1986",Japanese,https://cdn.myanimelist.net/images/anime/6/11153.jpg,"It is Universal Century 0087, and the One Year War between the Earth Federation and Principality of Zeon is over. The Earth Federation has created an elite task force, known as the Titans, who are responsible for hunting the remaining Zeon forces. However, the power-hungry Titans have shown themselves to be no better than Zeon, spurring the creation of a rebellious faction called the Anti-Earth Union Group (AEUG).  17-year-old Kamille Bidan lives in the colony Green Noa, home to a Titan base. Kamille gets in trouble after assaulting a Titan officer, an event that coincides with an attack led by former Zeon ace Char Aznable, now known as AEUG pilot Quattro Bajeena. When Kamille steals a Titan's prototype Gundam, he soon finds himself in the middle of the dangerous conflict.  [Written by MAL Rewrite]",null,null
86,Mobile Suit Gundam ZZ,5358,TV,"['Comedy', 'Drama', 'Sci-Fi']","Mar 1, 1986 to Jan 31, 1987",Japanese,https://cdn.myanimelist.net/images/anime/1848/91078.jpg,"In Universal Century 0088, the Anti-Earth Union Group (AEUG) has emerged victorious in its war with the Earth Federation's Titans at the cost of devastating losses. Neo-Zeon, the third faction in the war formerly known as Axis Zeon, remains as powerful as ever. Led by Newtype Haman Karn, Neo-Zeon has been implementing plans to take over both Earth and the space colonies.  The AEUG flagship Argama heads to the Side 1 colony Shangri-La for repairs. Living in the colony is Judau Ashta, a 14-year-old junk dealer who is struggling to make enough money to put his younger sister through school. Upon the discovery of an escape pod containing a former Titans pilot, Judau and his friends are quickly led to the Argama in hopes of stealing a mobile suit which they can sell for a fortune. However, with the arrival of a Neo-Zeon ship seeking to defeat the Argama, Judau and his friends are dragged into to a conflict that will bring them across space and Earth.  [Written by MAL Rewrite]",null,null
87,Mobile Suit Gundam: Char's Counterattack,1146,Movie,"['Drama', 'Sci-Fi']","Mar 12, 1988",Japanese,https://cdn.myanimelist.net/images/anime/1523/92371.jpg,"The year is Universal Century 0093. Char Aznable has taken command of Neo Zeon, the rebels of outer space. He firmly believes that humankind can only achieve peace by relocating to space. Thus, he plans to crash the giant asteroid Axis into Earth and plunge the planet into an uninhabitable winter. Char also eagerly anticipates this opportunity to settle a 14-year rivalry with Amuro Ray. The two have been reluctant allies at times, but Char has never forgiven Amuro for causing the death of one of his comrades during the One Year War.  Only the Earth Federation's Londo Bell Unit has the power to stop Char from fulfilling his dangerous goal. Leading the defense of Earth is veteran captain Bright Noa and Amuro Ray with the latest Nu Gundam mobile suit. In this thrilling conclusion to the original Gundam series, Londo Bell engages in a final conflict with Neo Zeon that will decide the fate of Earth and end this long-standing rivalry—once and for all.  [Written by MAL Rewrite]",null,null
88,Mobile Suit Gundam F91,5275,Movie,"['Drama', 'Sci-Fi']","Mar 16, 1991",Japanese,https://cdn.myanimelist.net/images/anime/1637/95288.jpg,"In the year 123 of the Universal Century, skirmishes between the Federation government and the rebel group Crossbones Vanguard echo across Earth's space colonies. One of these small battles breaks in the hometown of young Seabook Arno, forcing him and his friends to flee and ensnaring them in the political turmoil that is quickly evolving into an all-out war.  Seabook meets Cecily Fairchild, granddaughter of the aristocrat Meitzer Ronah, who seeks to create a new political power called ""Cosmo Babylonia."" Using the Crossbone Vanguard as its muscle, the Ronah family schemes to restore aristocratic rule and establish an economic system that will benefit the nobility, thus devastating the quality of life for the common people of the Earth Sphere.  Seabook is tasked with piloting the Gundam F91, a mobile suit created by his mother, and must choose between protecting the status Federation's status quo or cooperating with Cecily to find a better way of life for all.  [Written by MAL Rewrite]",null,null
89,Mobile Suit Victory Gundam,4871,TV,"['Drama', 'Sci-Fi']","Apr 2, 1993 to Mar 25, 1994",Japanese,https://cdn.myanimelist.net/images/anime/1913/102693.jpg,"In the year 153 of the Universal Century, the tyrannical Zanscare Empire has taken hostile control over Side 2, a space colony outside of Earth's orbit. Following in the footsteps of the long expired Principality of Zeon and the more recent Crossbone Vanguard, Zanscare rules over its subjects with cruelty, routinely using a large guillotine for public executions.  Living in Central Europe, space immigrant Üso Ewin joins the League Militaire, a militia made up of civilians frustrated with the Earth Federation's inability to combat the Zanscare Empire. Üso's latent abilities as a psychic Newtype awaken and allow him to pilot the Victory Gundam, the only mobile suit capable of holding off the elite BESPA forces of the Zanscare Empire.  Hoping to protect his best friend Shakti Kareen and locate his parents within the ranks of the Federation, Üso fights on with the Victory, striving to bring an end to the empire's reign.  [Written by MAL Rewrite]",null,null
90,Mobile Suit Gundam Wing,1038,TV,"['Action', 'Drama', 'Sci-Fi']","Apr 7, 1995 to Mar 29, 1996",Japanese,https://cdn.myanimelist.net/images/anime/1884/114414.jpg,"The United Earth Sphere Alliance is a powerful military organization that has ruled over Earth and space colonies with an iron fist for several decades. When the colonies proclaimed their opposition to this, their leader was assassinated. Now, in the year After Colony 195, bitter colonial rebels have launched ""Operation Meteor,"" sending five powerful mobile suits to Earth for vengeance. Built out of virtually indestructible material called Gundanium Alloy, these ""Gundams"" begin an assault against the Alliance and its sub organization OZ.  One Gundam, whose pilot has taken the name of the slain colony leader Heero Yuy, is forced to make a crash landing into the ocean after an atmospheric battle against OZ's ace pilot Zechs Marquise. Upon coming ashore, he is found by Relena Peacecraft, daughter of a peace-seeking politician, who witnesses Heero's descent to Earth. Although neither of them realize it yet, this encounter will have a profound impact on both their lives, as well as those on Earth and in space colonies.  [Written by MAL Rewrite]",null,null
91,Mobile Suit Gundam Wing: Endless Waltz,951,OVA,"['Action', 'Drama', 'Sci-Fi']","Jan 25, 1997 to Jul 25, 1997",Japanese,https://cdn.myanimelist.net/images/anime/1061/97444.jpg,"In the year After Colony 196, one year after the conclusion of the intergalactic civil war, a state of stasis prevails over the Earth and its colonies. Seeing no further use for their Gundam mobile suits, war heroes Duo Maxwell, Heero Yuy, Trowa Barton, and Quatre Raberba Winner decide to destroy these weapons by launching them into the sun's surface.   Before the Gundam reach their destination, the universal peace is shattered by the emergence of Mariemaia Khushrenada—the only child of the former tyrannical aristocrat Treize. Mariemaia abducts diplomat Relena Peacecraft and announces plans to launch ""Operation Meteor,"" with the intention of posthumously fulfilling Treize's world domination plot.  With the help of former enemy Zechs Marquise and his mobile suit Tallgeese, the heroic pilots must reacquire their mobile suits to wage one final battle against the Khushrenada dynasty, including fighting against their former ally Wufei Chang, now aligning himself with Mariemaia's ambitions.  [Written by MAL Rewrite]",null,null
92,After War Gundam X,2238,TV,"['Adventure', 'Drama', 'Sci-Fi']","Apr 5, 1996 to Dec 28, 1996",Japanese,https://cdn.myanimelist.net/images/anime/10/16054.jpg,"When one space colony declared its independence from the Earth Federation, the devastating 7th Space War, an all-out war between Earth and space, resulted. The Federation responded to the Space Revolutionary Army with mobile suits, called Gundams. However, the Space Revolutionary forces played their trump card and dropped hundreds of space colonies onto the Earth, plunging the planet into a seven-year-long nuclear winter. The Federation collapsed, but the Space Revolutionary Army was unable to invade the Earth in the aftermath of the colony drop.  Fifteen years have passed. The year is now After War 0015, and a New Federation has sprung up on Earth to restore order. In space, the colonial leaders have been rebuilding their own forces as well. By chance, fifteen-year-old Garrod Ran has discovered an old Federation mobile suit, the Gundam X, and now he uses it to help out the Vulture ship Freeden in its struggle to keep the powers that be from repeating the mistakes of the past.",null,null
93,Mobile Suit Gundam SEED,910,TV,"['Action', 'Drama', 'Romance', 'Sci-Fi']","Oct 5, 2002 to Sep 27, 2003",Japanese,https://cdn.myanimelist.net/images/anime/1792/91081.jpg,"In the year Cosmic Era 0071, the space colony Heliopolis remains neutral in the great war raging across the galaxy between Coordinators, human beings whose biological traits have been altered before birth, and Naturals, unaltered people who remain on the planet Earth. The Naturals' deep hatred of the Coordinators drove the advanced beings into space, seeking shelter in man-made colonies.  Kira Yamato is a Coordinator and university student on Heliopolis, when his life is thrown into disarray as ZAFT, the military organization composed of rebellious Coordinators, attacks the colony in an effort to steal a set of five state-of-the-art military mobile suits known as Gundams.  While ZAFT manages to make off with four of the mobile suits, Kira take control of the final Gundam, the Strike. Surviving the battle, Kira and his college friends join the crew of the Archangel, a ship run by the Earth Alliance, and the young soldiers experience the horrors of war and the loss that comes with it.  [Written by MAL Rewrite]",null,null
94,Mobile Suit Gundam SEED Destiny,2867,TV,"['Action', 'Drama', 'Romance', 'Sci-Fi']","Oct 9, 2004 to Oct 1, 2005",Japanese,https://cdn.myanimelist.net/images/anime/1700/91080.jpg,"In the year Cosmic Era 0071, a wartime brawl between two mobile suits results in the destruction of a neutral country. Shinn Asuka finds his entire family killed as casualties of the violence, and swears his life toward a vengeful pursuit of the Earth's Natural forces, under the impression they were the ones responsible for his family's death. Shinn works his way up through the ZAFT military forces, eventually gaining access to the cockpit of the prototype Impulse mobile suit.  Athrun Zala, a veteran of the recent war employed in the service of diplomat Cagalli Yula Athha, finds himself drawn into a new conflict between the Naturals and the Coordinators: human beings artificially enhanced before birth and hated by the Naturals for their biological advantages.  As the new war rears its head and violence becomes inevitable, Athrun finds himself as a mentor to the bitter Shinn. Athrun must steer the young pilot towards a mindset of mercy before his rage and desire for vengeance consumes him.  [Written by MAL Rewrite]",null,null
95,Turn A Gundam,1053,TV,"['Action', 'Adventure', 'Drama', 'Romance', 'Sci-Fi']","Apr 9, 1999 to Apr 14, 2000",Japanese,https://cdn.myanimelist.net/images/anime/4/78330.jpg,"It is the Correct Century, two millennia after a devastating conflict which left the world broken. Earth is now mostly uninhabitable, and thus a remnant of humanity has resided on the Moon while the Earth and its few survivors recover. For years, the ""Moonrace,"" the people of the Moon, have continued to check if Earth is fit for resettlement.  A boy named Rolan Cehack and two others are sent down to Earth for a reconnaissance mission. Rolan ends up spending a year on the planet working for the Heim Family, aristocrats living in a Victorian-like society. This family, like others of similar wealthy status, celebrates one's coming of age with a ceremony involving a giant stone statue known as the ""White Doll.""  To Rolan's surprise, the Moonrace suddenly touches down on Earth with the intent of taking it by force. During the attack, the White Doll is broken apart, revealing a mobile suit called the ""Turn A Gundam"" inside. With Rolan in its cockpit, the Turn A causes a standoff between the forces of Earth and Moon. The young pilot, along with the people of both sides, must keep the peace and avoid another all-out, catastrophic war.  [Written by MAL Rewrite]",null,null
96,Mobile Fighter G Gundam,1414,TV,"['Adventure', 'Comedy', 'Drama', 'Romance', 'Sci-Fi', 'Sports']","Apr 1, 1994 to Mar 31, 1995",Japanese,https://cdn.myanimelist.net/images/anime/1596/92392.jpg,"In the year Future Century 0060, the many countries that once comprised Earth's surface exist as separate colonies floating in space. Their home planet now uninhabitable, the ruler of all of the colonies is decided by their unanimous participation in the intergalactic Gundam Fight Tournament—a series of battles between the champions of each colony to determine who is most fit to reign over them all.  Neo-Japan's champion is Domon Kasshu, a man who accepts the role with some ulterior motives. Domon searches the galaxy for his brother, a criminal who allegedly murdered their mother and made off with the Devil Gundam, a highly advanced weapon with the power to unleash mass destruction across the galaxy. In his quest to bring his sibling to justice, Domon travels from colony to colony, meeting many of the fighters who will become his allies and enemies in the forthcoming Gundam Fight Tournament.  Armed with the strength of the Shining Gundam, Domon battles to uncover the truth behind his tortured childhood, suffering great betrayal and crushing blows on his quest toward personal and national triumph.  [Written by MAL Rewrite]",null,null
97,Last Exile,844,TV,"['Action', 'Adventure', 'Sci-Fi']","Apr 8, 2003 to Sep 30, 2003",Japanese,https://cdn.myanimelist.net/images/anime/7/10888.jpg,"In the world of Prester, flight is the dominant mode of transportation, made possible by Claudia Fluid: a liquidized form of the crystals that are produced on the planet. An organization known solely as ""the Guild"" has absolute authority over the skies, with a monopoly on the engines that make use of this fluid. Moreover, as ecological disasters destabilize the warring countries of Anatoray and Disith, the Guild also arbitrates in the disputes between the two. Caught in the middle of the conflict are Sky Couriers, piloting small, two-person vanships that fly freely through the sky.  Last Exile follows the adventures of two teenagers who dream of surpassing their parents: Claus Valca, son of a famous vanship pilot, and Lavie Head, Claus' best friend and navigator. Their job as couriers entails passing through an air current called the Grand Stream that separates the hostile nations, which even standard airships struggle to survive. However, when they take on a high-rated delivery to bring an orphan girl named Alvis Hamilton to the battleship Silvana, they get dragged into a much greater conflict that pits them against the might of the Guild.  [Written by MAL Rewrite]",null,null
98,Mai-HiME,1849,TV,"['Action', 'Comedy', 'Drama', 'Fantasy', 'Girls Love', 'Romance']","Sep 30, 2004 to Mar 31, 2005",Japanese,https://cdn.myanimelist.net/images/anime/13/7226.jpg,"Thirteen girls, each with the ability to materialize ""Elements"" and summon metallic guardians called ""Childs"" have been brought to Fuuka Academy to battle mysterious creatures called Orphans. Each with a different personality and background, they must decide who they truly care about and why they fight.",null,null
99,Mai-Otome,2457,TV,"['Comedy', 'Drama', 'Fantasy']","Oct 7, 2005 to Mar 31, 2006",Japanese,https://cdn.myanimelist.net/images/anime/2/46897.jpg,"Arika Yumemiya has traveled far in search of her goal: the prestigious Gualderobe Academy. This is the school where young girls are trained to become Otomes, protectors of royal leaders throughout the lands. Here, Arika makes plenty of friends, but some enemies know something about her past that she does not. Nevertheless, her spirit and determination will keep pushing her forward.  Adapted from its predecessor, Mai-HiME, this series is not a direct sequel, but an alternate universe setting featuring some of the Mai-HiME cast (though with different personalities).   (Source: ANN)",null,null
100,Shin Shirayuki-hime Densetsu Prétear,2963,TV,"['Comedy', 'Drama', 'Fantasy', 'Romance']","Apr 4, 2001 to Jun 27, 2001",Japanese,https://cdn.myanimelist.net/images/anime/9/11709.jpg,"Due to her father's remarriage, robust 16-year-old Himeno Awayuki moves into a large mansion with a beautiful garden—the quintessential dream house for any girl her age. However, much to Himeno's disappointment, her new stepfamily doesn't really seem to like her, as her stepmother often occupies herself with her father, her younger stepsister Mawata ignores her, and her other stepsister—the equally aged Mayune—tries to prank her at every opportunity.  But Himeno doesn't have time to dwell into thoughts of hopelessness—her new life has now become involved with a group of seven magical boys known as the Leafe Knights, after they ask her to become a magical princess who can borrow their powers! Although Himeno accepts their request and becomes the Prétear, she feels doubtful in her abilities to protect the world and its Leafe, the source of energy for all life. Will Himeno be able to find happiness among her new family and also save the Earth from the enemy, the Princess of Disaster?  [Written by MAL Rewrite]",null,null
